{
  "starting_total": 2127,
  "instamart_starting": 1038,
  "zepto_starting": 1089,
  "retained_total": 1290,
  "cut_total": 837,
  "retained_instamart": 843,
  "retained_zepto": 447,
  "cut_instamart": 195,
  "cut_zepto": 642,
  "blinkit_total": 1954,
  "overlap_threshold_km": 1.4272946359192953,
  "service_radius_km": 3.0,
  "overlap_cutoff": 0.7,
  "standalone_overlap_stats": {
    "blinkit": {
      "store_count": 1954,
      "total_pairs": 1908081,
      "overlapping_pairs": 10505,
      "stores_with_any_overlap": 1782,
      "average_pair_overlap": 0.0014160700856948177,
      "average_overlapping_pair_overlap": 0.2572086078231935,
      "average_nearest_neighbor_overlap": 0.5182403367143389,
      "median_nearest_neighbor_overlap": 0.5858296775151861,
      "p75_nearest_neighbor_overlap": 0.7120845304838572,
      "p90_nearest_neighbor_overlap": 0.7985684020454498,
      "unique_service_area_sq_km": 26474.296188706336
      "p90_nearest_neighbor_overlap": 0.7985684020454498
    },
    "swiggy_instamart": {
      "store_count": 1038,
      "total_pairs": 538203,
      "overlapping_pairs": 3268,
      "stores_with_any_overlap": 967,
      "average_pair_overlap": 0.0014931168247154032,
      "average_overlapping_pair_overlap": 0.2458996188532141,
      "average_nearest_neighbor_overlap": 0.4516854445441581,
      "median_nearest_neighbor_overlap": 0.4894938243242056,
      "p75_nearest_neighbor_overlap": 0.6290774570533828,
      "p90_nearest_neighbor_overlap": 0.7327418546554985,
      "unique_service_area_sq_km": 16895.35725671368
      "p90_nearest_neighbor_overlap": 0.7327418546554985
    },
    "zepto": {
      "store_count": 1089,
      "total_pairs": 592416,
      "overlapping_pairs": 5712,
      "stores_with_any_overlap": 1052,
      "average_pair_overlap": 0.002424084342501277,
      "average_overlapping_pair_overlap": 0.25141217609370364,
      "average_nearest_neighbor_overlap": 0.5529658654080253,
      "median_nearest_neighbor_overlap": 0.5999647809962979,
      "p75_nearest_neighbor_overlap": 0.7059222678429703,
      "p90_nearest_neighbor_overlap": 0.7831783762035842,
      "unique_service_area_sq_km": 13575.910722496947
      "p90_nearest_neighbor_overlap": 0.7831783762035842
    }
  },
  "rationalisation_scenarios": [
    {
      "overlap_cutoff": 0.5,
      "overlap_threshold_km": 2.4238365197971032,
      "retained_total": 848,
      "cut_total": 1279,
      "retained_instamart": 582,
      "retained_zepto": 266,
      "cut_instamart": 456,
      "cut_zepto": 823,
      "retained_overlap_stats": {
        "store_count": 848,
        "total_pairs": 359128,
        "overlapping_pairs": 1221,
        "stores_with_any_overlap": 769,
        "average_pair_overlap": 0.0006648235630254568,
        "average_overlapping_pair_overlap": 0.19554197915004604,
        "average_nearest_neighbor_overlap": 0.3072554785189513,
        "median_nearest_neighbor_overlap": 0.3222451766088185,
        "p75_nearest_neighbor_overlap": 0.4410187062599719,
        "p90_nearest_neighbor_overlap": 0.5151652296421886,
        "unique_service_area_sq_km": 18071.981742637297
      },
      "method": "greedy_pruned_dominating_set"
    },
    {
      "overlap_cutoff": 0.6,
      "overlap_threshold_km": 1.9181490587430226,
      "retained_total": 1030,
      "cut_total": 1097,
      "retained_instamart": 685,
      "retained_zepto": 345,
      "cut_instamart": 353,
      "cut_zepto": 744,
      "retained_overlap_stats": {
        "store_count": 1030,
        "total_pairs": 529935,
        "overlapping_pairs": 2172,
        "stores_with_any_overlap": 957,
        "average_pair_overlap": 0.0009045063954992809,
        "average_overlapping_pair_overlap": 0.2206858180013406,
        "average_nearest_neighbor_overlap": 0.3929986846946728,
        "median_nearest_neighbor_overlap": 0.42264165663078046,
        "p75_nearest_neighbor_overlap": 0.5373254583786491,
        "p90_nearest_neighbor_overlap": 0.6146115673729006,
        "unique_service_area_sq_km": 18960.838409029115
      },
      "method": "greedy_pruned_dominating_set"
    },
    {
      "overlap_cutoff": 0.7,
      "overlap_threshold_km": 1.4272946359192953,
      "retained_total": 1290,
      "cut_total": 837,
      "retained_instamart": 843,
      "retained_zepto": 447,
      "cut_instamart": 195,
      "cut_zepto": 642,
      "retained_overlap_stats": {
        "store_count": 1290,
        "total_pairs": 831405,
        "overlapping_pairs": 4219,
        "stores_with_any_overlap": 1219,
        "average_pair_overlap": 0.0012209495556158281,
        "average_overlapping_pair_overlap": 0.24060288345266118,
        "average_nearest_neighbor_overlap": 0.48248280390388054,
        "median_nearest_neighbor_overlap": 0.5350163348231272,
        "p75_nearest_neighbor_overlap": 0.6355587957479294,
        "p90_nearest_neighbor_overlap": 0.6892136945652823,
        "unique_service_area_sq_km": 19625.361800429117
      },
      "method": "greedy_pruned_dominating_set"
    },
    {
      "overlap_cutoff": 0.8,
      "overlap_threshold_km": 0.9464171628000947,
      "retained_total": 1569,
      "cut_total": 558,
      "retained_instamart": 976,
      "retained_zepto": 593,
      "cut_instamart": 62,
      "cut_zepto": 496,
      "retained_overlap_stats": {
        "store_count": 1569,
        "total_pairs": 1230096,
        "overlapping_pairs": 7858,
        "stores_with_any_overlap": 1500,
        "average_pair_overlap": 0.0016313098552216772,
        "average_overlapping_pair_overlap": 0.2553662162978827,
        "average_nearest_neighbor_overlap": 0.5583629266896248,
        "median_nearest_neighbor_overlap": 0.6300358131029419,
        "p75_nearest_neighbor_overlap": 0.716204268709436,
        "p90_nearest_neighbor_overlap": 0.7640648830347521,
        "unique_service_area_sq_km": 19929.331536086684
      },
      "method": "greedy_pruned_dominating_set"
    }
  ]
      "method": "greedy_pruned_dominating_set"
    }
  ]
  "overlap_cutoff": 0.7
}
